Wettbewerb,Notebook,Algorithmus
equity-post-HCT-survival-predictions,cibmtr-stacking-regressor-lgbm-xgboost-catboost.ipynb,RandomForest
equity-post-HCT-survival-predictions,cibmtr-stacking-regressor-lgbm-xgboost-catboost.ipynb,KMeans
equity-post-HCT-survival-predictions,cibmtr-eda-and-bl.ipynb,RandomForest
equity-post-HCT-survival-predictions,make-sense-of-data.ipynb,RandomForest
equity-post-HCT-survival-predictions,stacking-model-prediction-in-hct.ipynb,RandomForest
equity-post-HCT-survival-predictions,cibmtr2024-public-imports-v1.ipynb,RandomForest
equity-post-HCT-survival-predictions,cibmtr-randomforest-and-catboost.ipynb,RandomForest
equity-post-HCT-survival-predictions,cibmtr-baseline-code.ipynb,RandomForest
playground-series-s4e12,s4e12-ensemble-w-stackingregressor.ipynb,RandomForest
playground-series-s4e12,log-then-exp-on-target.ipynb,RandomForest
playground-series-s4e12,log-then-exp-on-target.ipynb,KMeans
playground-series-s4e12,insurance-competition-database.ipynb,RandomForest
